Datetime,Water Level (m)
2025-04-29 06:00:00,0.7712251
2025-04-29 07:00:00,1.1336156
2025-04-29 08:00:00,1.1850939
2025-04-29 09:00:00,0.90422297
2025-04-29 10:00:00,0.5210622
2025-04-29 11:00:00,0.1836301
2025-04-29 12:00:00,-0.09175821
2025-04-29 13:00:00,-0.33225536
2025-04-29 14:00:00,-0.542276
2025-04-29 15:00:00,-0.706782
2025-04-29 16:00:00,-0.56449723
2025-04-29 17:00:00,-0.026176317
2025-04-29 18:00:00,0.49176458
2025-04-29 19:00:00,0.8295695
2025-04-29 20:00:00,0.88074416
2025-04-29 21:00:00,0.6242568
2025-04-29 22:00:00,0.26811314
2025-04-29 23:00:00,-0.036476184
2025-04-30 00:00:00,-0.29285517
2025-04-30 01:00:00,-0.5226826
2025-04-30 02:00:00,-0.7131563
2025-04-30 03:00:00,-0.8392477
2025-04-30 04:00:00,-0.74623793
2025-04-30 05:00:00,-0.23931645
2025-04-30 06:00:00,0.37080956
2025-04-30 07:00:00,0.889376
2025-04-30 08:00:00,1.1871798
2025-04-30 09:00:00,1.1248939
2025-04-30 10:00:00,0.7823763
2025-04-30 11:00:00,0.40947336
2025-04-30 12:00:00,0.0948776
2025-04-30 13:00:00,-0.16298975
2025-04-30 14:00:00,-0.39222735
2025-04-30 15:00:00,-0.5845326
2025-04-30 16:00:00,-0.6898591
2025-04-30 17:00:00,-0.38238308
2025-04-30 18:00:00,0.11555925
2025-04-30 19:00:00,0.51535183
2025-04-30 20:00:00,0.75998545
2025-04-30 21:00:00,0.7381207
2025-04-30 22:00:00,0.46159887
2025-04-30 23:00:00,0.13300656
2025-05-01 00:00:00,-0.1401349
2025-05-01 01:00:00,-0.3758232
2025-05-01 02:00:00,-0.5842708
2025-05-01 03:00:00,-0.7586154
2025-05-01 04:00:00,-0.8308601
2025-05-01 05:00:00,-0.5504794
2025-05-01 06:00:00,-0.014266572
2025-05-01 07:00:00,0.5194226
2025-05-01 08:00:00,0.9206149
2025-05-01 09:00:00,1.08798
2025-05-01 10:00:00,0.92700833
2025-05-01 11:00:00,0.5911853
2025-05-01 12:00:00,0.26079613
2025-05-01 13:00:00,-0.007858524
2025-05-01 14:00:00,-0.2387203
2025-05-01 15:00:00,-0.43923667
2025-05-01 16:00:00,-0.5945128
2025-05-01 17:00:00,-0.5806065
2025-05-01 18:00:00,-0.2061411
2025-05-01 19:00:00,0.208074
2025-05-01 20:00:00,0.47279188
2025-05-01 21:00:00,0.6052722
2025-05-01 22:00:00,0.51544964
2025-05-01 23:00:00,0.24785689
2025-05-02 00:00:00,-0.025580904
2025-05-02 01:00:00,-0.2567612
2025-05-02 02:00:00,-0.46227673
2025-05-02 03:00:00,-0.63736194
2025-05-02 04:00:00,-0.7720324
2025-05-02 05:00:00,-0.74550426
2025-05-02 06:00:00,-0.34749037
2025-05-02 07:00:00,0.1555144
2025-05-02 08:00:00,0.5790253
2025-05-02 09:00:00,0.87651914
2025-05-02 10:00:00,0.9662904
2025-05-02 11:00:00,0.77990896
2025-05-02 12:00:00,0.47196418
2025-05-02 13:00:00,0.17302963
2025-05-02 14:00:00,-0.07136851
2025-05-02 15:00:00,-0.27868673
2025-05-02 16:00:00,-0.45534465
2025-05-02 17:00:00,-0.5696535
2025-05-02 18:00:00,-0.463083
2025-05-02 19:00:00,-0.11300961
2025-05-02 20:00:00,0.217688
2025-05-02 21:00:00,0.39895198
2025-05-02 22:00:00,0.46622413
2025-05-02 23:00:00,0.36582798
2025-05-03 00:00:00,0.13850854
2025-05-03 01:00:00,-0.09202021
2025-05-03 02:00:00,-0.29257998
2025-05-03 03:00:00,-0.46718216
2025-05-03 04:00:00,-0.60462475
2025-05-03 05:00:00,-0.68324864
2025-05-03 06:00:00,-0.51955783
2025-05-03 07:00:00,-0.115963876
2025-05-03 08:00:00,0.28835407
2025-05-03 09:00:00,0.5852223
2025-05-03 10:00:00,0.76022434
2025-05-03 11:00:00,0.7425335
2025-05-03 12:00:00,0.5537852
2025-05-03 13:00:00,0.30623412
2025-05-03 14:00:00,0.07579831
2025-05-03 15:00:00,-0.11276354
2025-05-03 16:00:00,-0.27139896
2025-05-03 17:00:00,-0.4026942
2025-05-03 18:00:00,-0.47433206
2025-05-03 19:00:00,-0.3883527
2025-05-03 20:00:00,-0.12580475
2025-05-03 21:00:00,0.12600085
2025-05-03 22:00:00,0.29651532
2025-05-03 23:00:00,0.35137352
2025-05-04 00:00:00,0.28366527
2025-05-04 01:00:00,0.11491457
2025-05-04 02:00:00,-0.07503266
2025-05-04 03:00:00,-0.24055791
2025-05-04 04:00:00,-0.3847963
2025-05-04 05:00:00,-0.48756906
2025-05-04 06:00:00,-0.5079712
2025-05-04 07:00:00,-0.3303628
2025-05-04 08:00:00,-0.006304459
2025-05-04 09:00:00,0.30544457
2025-05-04 10:00:00,0.5367938
2025-05-04 11:00:00,0.6497159
2025-05-04 12:00:00,0.62448853
2025-05-04 13:00:00,0.48893842
2025-05-04 14:00:00,0.29101837
2025-05-04 15:00:00,0.090066224
2025-05-04 16:00:00,-0.08333286
2025-05-04 17:00:00,-0.22346906
2025-05-04 18:00:00,-0.3397827
2025-05-04 19:00:00,-0.41215533
2025-05-04 20:00:00,-0.3779896
2025-05-04 21:00:00,-0.18305585
2025-05-04 22:00:00,0.041964725
2025-05-04 23:00:00,0.20742877
2025-05-05 00:00:00,0.29015917
2025-05-05 01:00:00,0.27280766
2025-05-05 02:00:00,0.16566007
2025-05-05 03:00:00,0.008277256
2025-05-05 04:00:00,-0.15176226
2025-05-05 05:00:00,-0.2845797
2025-05-05 06:00:00,-0.38206542
